MpAlias,csv.distp.sync.1_0_0
PNodeAlias,w.caiso.n15.rcea
MethodAlias,gw.ca.rcea.offpeak1
Comment,
StartYearUtc,2019
StartMonthUtc,1
StartDayUtc,1
StartHourUtc,8
StartMinuteUtc,0
UniformSliceDurationHrs,1
TimezoneString,US/Pacific
CurrencyUnit,USD
PriceUid,16391f17-84b2-4a19-b676-a48bdeef4682
Header,Distribution Electricity Price (Currency Unit/MWh)
0,
0,
0,
0,
0,
0,
0,
0,
0,
0,
0,
0,
0,
0,
0,
0,
20,
20,
20,
20,
20,
0,
0,
0,
0,
0,
0,
0,
0,
0,
0,
0,
0,
0,
0,
0,
0,
0,
0,
0,
20,
20,
20,
20,
20,
0,
0,
0,
0,
0,
0,
0,
0,
0,
0,
0,
0,
0,
0,
0,
0,
0,
0,
0,
20,
20,
20,
20,
20,
0,
0,
0,
0,
0,
0,
0,
0,
0,
0,
0,
0,
0,
0,
0,
0,
0,
0,
0,
20,
20,
20,
20,
20,
0,
0,
0,
0,
0,
0,
0,
0,
0,
0,
0,
0,
0,
0,
0,
0,
0,
0,
0,
20,
20,
20,
20,
20,
0,
0,
0,
0,
0,
0,
0,
0,
0,
0,
0,
0,
0,
0,
0,
0,
0,
0,
0,
20,
20,
20,
20,
20,
0,
0,
0,
0,
0,
0,
0,
0,
0,
0,
0,
0,
0,
0,
0,
0,
0,
0,
0,
20,
20,
20,
20,
20,
0,
0,
0,
0,
0,
0,
0,
0,
0,
0,
0,
0,
0,
0,
0,
0,
0,
0,
0,
20,
20,
20,
20,
20,
0,
0,
0,
0,
0,
0,
0,
0,
0,
0,
0,
0,
0,
0,
0,
0,
0,
0,
0,
20,
20,
20,
20,
20,
0,
0,
0,
0,
0,
0,
0,
0,
0,
0,
0,
0,
0,
0,
0,
0,
0,
0,
0,
20,
20,
20,
20,
20,
0,
0,
0,
0,
0,
0,
0,
0,
0,
0,
0,
0,
0,
0,
0,
0,
0,
0,
0,
20,
20,
20,
20,
20,
0,
0,
0,
0,
0,
0,
0,
0,
0,
0,
0,
0,
0,
0,
0,
0,
0,
0,
0,
20,
20,
20,
20,
20,
0,
0,
0,
0,
0,
0,
0,
0,
0,
0,
0,
0,
0,
0,
0,
0,
0,
0,
0,
20,
20,
20,
20,
20,
0,
0,
0,
0,
0,
0,
0,
0,
0,
0,
0,
0,
0,
0,
0,
0,
0,
0,
0,
20,
20,
20,
20,
20,
0,
0,
0,
0,
0,
0,
0,
0,
0,
0,
0,
0,
0,
0,
0,
0,
0,
0,
0,
20,
20,
20,
20,
20,
0,
0,
0,
0,
0,
0,
0,
0,
0,
0,
0,
0,
0,
0,
0,
0,
0,
0,
0,
20,
20,
20,
20,
20,
0,
0,
0,
0,
0,
0,
0,
0,
0,
0,
0,
0,
0,
0,
0,
0,
0,
0,
0,
20,
20,
20,
20,
20,
0,
0,
0,
0,
0,
0,
0,
0,
0,
0,
0,
0,
0,
0,
0,
0,
0,
0,
0,
20,
20,
20,
20,
20,
0,
0,
0,
0,
0,
0,
0,
0,
0,
0,
0,
0,
0,
0,
0,
0,
0,
0,
0,
20,
20,
20,
20,
20,
0,
0,
0,
0,
0,
0,
0,
0,
0,
0,
0,
0,
0,
0,
0,
0,
0,
0,
0,
20,
20,
20,
20,
20,
0,
0,
0,
0,
0,
0,
0,
0,
0,
0,
0,
0,
0,
0,
0,
0,
0,
0,
0,
20,
20,
20,
20,
20,
0,
0,
0,
0,
0,
0,
0,
0,
0,
0,
0,
0,
0,
0,
0,
0,
0,
0,
0,
20,
20,
20,
20,
20,
0,
0,
0,
0,
0,
0,
0,
0,
0,
0,
0,
0,
0,
0,
0,
0,
0,
0,
0,
20,
20,
20,
20,
20,
0,
0,
0,
0,
0,
0,
0,
0,
0,
0,
0,
0,
0,
0,
0,
0,
0,
0,
0,
20,
20,
20,
20,
20,
0,
0,
0,
0,
0,
0,
0,
0,
0,
0,
0,
0,
0,
0,
0,
0,
0,
0,
0,
20,
20,
20,
20,
20,
0,
0,
0,
0,
0,
0,
0,
0,
0,
0,
0,
0,
0,
0,
0,
0,
0,
0,
0,
20,
20,
20,
20,
20,
0,
0,
0,
0,
0,
0,
0,
0,
0,
0,
0,
0,
0,
0,
0,
0,
0,
0,
0,
20,
20,
20,
20,
20,
0,
0,
0,
0,
0,
0,
0,
0,
0,
0,
0,
0,
0,
0,
0,
0,
0,
0,
0,
20,
20,
20,
20,
20,
0,
0,
0,
0,
0,
0,
0,
0,
0,
0,
0,
0,
0,
0,
0,
0,
0,
0,
0,
20,
20,
20,
20,
20,
0,
0,
0,
0,
0,
0,
0,
0,
0,
0,
0,
0,
0,
0,
0,
0,
0,
0,
0,
20,
20,
20,
20,
20,
0,
0,
0,
0,
0,
0,
0,
0,
0,
0,
0,
0,
0,
0,
0,
0,
0,
0,
0,
20,
20,
20,
20,
20,
0,
0,
0,
0,
0,
0,
0,
0,
0,
0,
0,
0,
0,
0,
0,
0,
0,
0,
0,
20,
20,
20,
20,
20,
0,
0,
0,
0,
0,
0,
0,
0,
0,
0,
0,
0,
0,
0,
0,
0,
0,
0,
0,
20,
20,
20,
20,
20,
0,
0,
0,
0,
0,
0,
0,
0,
0,
0,
0,
0,
0,
0,
0,
0,
0,
0,
0,
20,
20,
20,
20,
20,
0,
0,
0,
0,
0,
0,
0,
0,
0,
0,
0,
0,
0,
0,
0,
0,
0,
0,
0,
20,
20,
20,
20,
20,
0,
0,
0,
0,
0,
0,
0,
0,
0,
0,
0,
0,
0,
0,
0,
0,
0,
0,
0,
20,
20,
20,
20,
20,
0,
0,
0,
0,
0,
0,
0,
0,
0,
0,
0,
0,
0,
0,
0,
0,
0,
0,
0,
20,
20,
20,
20,
20,
0,
0,
0,
0,
0,
0,
0,
0,
0,
0,
0,
0,
0,
0,
0,
0,
0,
0,
0,
20,
20,
20,
20,
20,
0,
0,
0,
0,
0,
0,
0,
0,
0,
0,
0,
0,
0,
0,
0,
0,
0,
0,
0,
20,
20,
20,
20,
20,
0,
0,
0,
0,
0,
0,
0,
0,
0,
0,
0,
0,
0,
0,
0,
0,
0,
0,
0,
20,
20,
20,
20,
20,
0,
0,
0,
0,
0,
0,
0,
0,
0,
0,
0,
0,
0,
0,
0,
0,
0,
0,
0,
20,
20,
20,
20,
20,
0,
0,
0,
0,
0,
0,
0,
0,
0,
0,
0,
0,
0,
0,
0,
0,
0,
0,
0,
20,
20,
20,
20,
20,
0,
0,
0,
0,
0,
0,
0,
0,
0,
0,
0,
0,
0,
0,
0,
0,
0,
0,
0,
20,
20,
20,
20,
20,
0,
0,
0,
0,
0,
0,
0,
0,
0,
0,
0,
0,
0,
0,
0,
0,
0,
0,
0,
20,
20,
20,
20,
20,
0,
0,
0,
0,
0,
0,
0,
0,
0,
0,
0,
0,
0,
0,
0,
0,
0,
0,
0,
20,
20,
20,
20,
20,
0,
0,
0,
0,
0,
0,
0,
0,
0,
0,
0,
0,
0,
0,
0,
0,
0,
0,
0,
20,
20,
20,
20,
20,
0,
0,
0,
0,
0,
0,
0,
0,
0,
0,
0,
0,
0,
0,
0,
0,
0,
0,
0,
20,
20,
20,
20,
20,
0,
0,
0,
0,
0,
0,
0,
0,
0,
0,
0,
0,
0,
0,
0,
0,
0,
0,
0,
20,
20,
20,
20,
20,
0,
0,
0,
0,
0,
0,
0,
0,
0,
0,
0,
0,
0,
0,
0,
0,
0,
0,
0,
20,
20,
20,
20,
20,
0,
0,
0,
0,
0,
0,
0,
0,
0,
0,
0,
0,
0,
0,
0,
0,
0,
0,
0,
20,
20,
20,
20,
20,
0,
0,
0,
0,
0,
0,
0,
0,
0,
0,
0,
0,
0,
0,
0,
0,
0,
0,
0,
20,
20,
20,
20,
20,
0,
0,
0,
0,
0,
0,
0,
0,
0,
0,
0,
0,
0,
0,
0,
0,
0,
0,
0,
20,
20,
20,
20,
20,
0,
0,
0,
0,
0,
0,
0,
0,
0,
0,
0,
0,
0,
0,
0,
0,
0,
0,
0,
20,
20,
20,
20,
20,
0,
0,
0,
0,
0,
0,
0,
0,
0,
0,
0,
0,
0,
0,
0,
0,
0,
0,
0,
20,
20,
20,
20,
20,
0,
0,
0,
0,
0,
0,
0,
0,
0,
0,
0,
0,
0,
0,
0,
0,
0,
0,
0,
20,
20,
20,
20,
20,
0,
0,
0,
0,
0,
0,
0,
0,
0,
0,
0,
0,
0,
0,
0,
0,
0,
0,
0,
20,
20,
20,
20,
20,
0,
0,
0,
0,
0,
0,
0,
0,
0,
0,
0,
0,
0,
0,
0,
0,
0,
0,
0,
20,
20,
20,
20,
20,
0,
0,
0,
0,
0,
0,
0,
0,
0,
0,
0,
0,
0,
0,
0,
0,
0,
0,
0,
20,
20,
20,
20,
20,
0,
0,
0,
0,
0,
0,
0,
0,
0,
0,
0,
0,
0,
0,
0,
0,
0,
0,
0,
20,
20,
20,
20,
20,
0,
0,
0,
0,
0,
0,
0,
0,
0,
0,
0,
0,
0,
0,
0,
0,
0,
0,
0,
20,
20,
20,
20,
20,
0,
0,
0,
0,
0,
0,
0,
0,
0,
0,
0,
0,
0,
0,
0,
0,
0,
0,
0,
20,
20,
20,
20,
20,
0,
0,
0,
0,
0,
0,
0,
0,
0,
0,
0,
0,
0,
0,
0,
0,
0,
0,
0,
20,
20,
20,
20,
20,
0,
0,
0,
0,
0,
0,
0,
0,
0,
0,
0,
0,
0,
0,
0,
0,
0,
0,
0,
20,
20,
20,
20,
20,
0,
0,
0,
0,
0,
0,
0,
0,
0,
0,
0,
0,
0,
0,
0,
0,
0,
0,
0,
20,
20,
20,
20,
20,
0,
0,
0,
0,
0,
0,
0,
0,
0,
0,
0,
0,
0,
0,
0,
0,
0,
0,
0,
20,
20,
20,
20,
20,
0,
0,
0,
0,
0,
0,
0,
0,
0,
0,
0,
0,
0,
0,
0,
0,
0,
0,
0,
20,
20,
20,
20,
20,
0,
0,
0,
0,
0,
0,
0,
0,
0,
0,
0,
0,
0,
0,
0,
0,
0,
0,
0,
20,
20,
20,
20,
20,
0,
0,
0,
0,
0,
0,
0,
0,
0,
0,
0,
0,
0,
0,
0,
0,
0,
0,
0,
20,
20,
20,
20,
20,
0,
0,
0,
0,
0,
0,
0,
0,
0,
0,
0,
0,
0,
0,
0,
0,
0,
0,
0,
20,
20,
20,
20,
20,
0,
0,
0,
0,
0,
0,
0,
0,
0,
0,
0,
0,
0,
0,
0,
0,
0,
0,
0,
20,
20,
20,
20,
20,
0,
0,
0,
0,
0,
0,
0,
0,
0,
0,
0,
0,
0,
0,
0,
0,
0,
0,
0,
20,
20,
20,
20,
20,
0,
0,
0,
0,
0,
0,
0,
0,
0,
0,
0,
0,
0,
0,
0,
0,
0,
0,
0,
20,
20,
20,
20,
20,
0,
0,
0,
0,
0,
0,
0,
0,
0,
0,
0,
0,
0,
0,
0,
0,
0,
0,
0,
20,
20,
20,
20,
20,
0,
0,
0,
0,
0,
0,
0,
0,
0,
0,
0,
0,
0,
0,
0,
0,
0,
0,
0,
20,
20,
20,
20,
20,
0,
0,
0,
0,
0,
0,
0,
0,
0,
0,
0,
0,
0,
0,
0,
0,
0,
0,
0,
20,
20,
20,
20,
20,
0,
0,
0,
0,
0,
0,
0,
0,
0,
0,
0,
0,
0,
0,
0,
0,
0,
0,
0,
20,
20,
20,
20,
20,
0,
0,
0,
0,
0,
0,
0,
0,
0,
0,
0,
0,
0,
0,
0,
0,
0,
0,
0,
20,
20,
20,
20,
20,
0,
0,
0,
0,
0,
0,
0,
0,
0,
0,
0,
0,
0,
0,
0,
0,
0,
0,
0,
20,
20,
20,
20,
20,
0,
0,
0,
0,
0,
0,
0,
0,
0,
0,
0,
0,
0,
0,
0,
0,
0,
0,
0,
20,
20,
20,
20,
20,
0,
0,
0,
0,
0,
0,
0,
0,
0,
0,
0,
0,
0,
0,
0,
0,
0,
0,
0,
20,
20,
20,
20,
20,
0,
0,
0,
0,
0,
0,
0,
0,
0,
0,
0,
0,
0,
0,
0,
0,
0,
0,
0,
20,
20,
20,
20,
20,
0,
0,
0,
0,
0,
0,
0,
0,
0,
0,
0,
0,
0,
0,
0,
0,
0,
0,
0,
20,
20,
20,
20,
20,
0,
0,
0,
0,
0,
0,
0,
0,
0,
0,
0,
0,
0,
0,
0,
0,
0,
0,
0,
20,
20,
20,
20,
20,
0,
0,
0,
0,
0,
0,
0,
0,
0,
0,
0,
0,
0,
0,
0,
0,
0,
0,
0,
20,
20,
20,
20,
20,
0,
0,
0,
0,
0,
0,
0,
0,
0,
0,
0,
0,
0,
0,
0,
0,
0,
0,
0,
20,
20,
20,
20,
20,
0,
0,
0,
0,
0,
0,
0,
0,
0,
0,
0,
0,
0,
0,
0,
0,
0,
0,
0,
20,
20,
20,
20,
20,
0,
0,
0,
0,
0,
0,
0,
0,
0,
0,
0,
0,
0,
0,
0,
0,
0,
0,
0,
20,
20,
20,
20,
20,
0,
0,
0,
0,
0,
0,
0,
0,
0,
0,
0,
0,
0,
0,
0,
0,
0,
0,
0,
20,
20,
20,
20,
20,
0,
0,
0,
0,
0,
0,
0,
0,
0,
0,
0,
0,
0,
0,
0,
0,
0,
0,
0,
20,
20,
20,
20,
20,
0,
0,
0,
0,
0,
0,
0,
0,
0,
0,
0,
0,
0,
0,
0,
0,
0,
0,
0,
20,
20,
20,
20,
20,
0,
0,
0,
0,
0,
0,
0,
0,
0,
0,
0,
0,
0,
0,
0,
0,
0,
0,
0,
20,
20,
20,
20,
20,
0,
0,
0,
0,
0,
0,
0,
0,
0,
0,
0,
0,
0,
0,
0,
0,
0,
0,
0,
20,
20,
20,
20,
20,
0,
0,
0,
0,
0,
0,
0,
0,
0,
0,
0,
0,
0,
0,
0,
0,
0,
0,
0,
20,
20,
20,
20,
20,
0,
0,
0,
0,
0,
0,
0,
0,
0,
0,
0,
0,
0,
0,
0,
0,
0,
0,
0,
20,
20,
20,
20,
20,
0,
0,
0,
0,
0,
0,
0,
0,
0,
0,
0,
0,
0,
0,
0,
0,
0,
0,
0,
20,
20,
20,
20,
20,
0,
0,
0,
0,
0,
0,
0,
0,
0,
0,
0,
0,
0,
0,
0,
0,
0,
0,
0,
20,
20,
20,
20,
20,
0,
0,
0,
0,
0,
0,
0,
0,
0,
0,
0,
0,
0,
0,
0,
0,
0,
0,
0,
20,
20,
20,
20,
20,
0,
0,
0,
0,
0,
0,
0,
0,
0,
0,
0,
0,
0,
0,
0,
0,
0,
0,
0,
20,
20,
20,
20,
20,
0,
0,
0,
0,
0,
0,
0,
0,
0,
0,
0,
0,
0,
0,
0,
0,
0,
0,
0,
20,
20,
20,
20,
20,
0,
0,
0,
0,
0,
0,
0,
0,
0,
0,
0,
0,
0,
0,
0,
0,
0,
0,
0,
20,
20,
20,
20,
20,
0,
0,
0,
0,
0,
0,
0,
0,
0,
0,
0,
0,
0,
0,
0,
0,
0,
0,
0,
20,
20,
20,
20,
20,
0,
0,
0,
0,
0,
0,
0,
0,
0,
0,
0,
0,
0,
0,
0,
0,
0,
0,
0,
20,
20,
20,
20,
20,
0,
0,
0,
0,
0,
0,
0,
0,
0,
0,
0,
0,
0,
0,
0,
0,
0,
0,
0,
20,
20,
20,
20,
20,
0,
0,
0,
0,
0,
0,
0,
0,
0,
0,
0,
0,
0,
0,
0,
0,
0,
0,
0,
20,
20,
20,
20,
20,
0,
0,
0,
0,
0,
0,
0,
0,
0,
0,
0,
0,
0,
0,
0,
0,
0,
0,
0,
20,
20,
20,
20,
20,
0,
0,
0,
0,
0,
0,
0,
0,
0,
0,
0,
0,
0,
0,
0,
0,
0,
0,
0,
20,
20,
20,
20,
20,
0,
0,
0,
0,
0,
0,
0,
0,
0,
0,
0,
0,
0,
0,
0,
0,
0,
0,
0,
20,
20,
20,
20,
20,
0,
0,
0,
0,
0,
0,
0,
0,
0,
0,
0,
0,
0,
0,
0,
0,
0,
0,
0,
20,
20,
20,
20,
20,
0,
0,
0,
0,
0,
0,
0,
0,
0,
0,
0,
0,
0,
0,
0,
0,
0,
0,
0,
20,
20,
20,
20,
20,
0,
0,
0,
0,
0,
0,
0,
0,
0,
0,
0,
0,
0,
0,
0,
0,
0,
0,
0,
20,
20,
20,
20,
20,
0,
0,
0,
0,
0,
0,
0,
0,
0,
0,
0,
0,
0,
0,
0,
0,
0,
0,
0,
20,
20,
20,
20,
20,
0,
0,
0,
0,
0,
0,
0,
0,
0,
0,
0,
0,
0,
0,
0,
0,
0,
0,
0,
20,
20,
20,
20,
20,
0,
0,
0,
0,
0,
0,
0,
0,
0,
0,
0,
0,
0,
0,
0,
0,
0,
0,
0,
20,
20,
20,
20,
20,
0,
0,
0,
0,
0,
0,
0,
0,
0,
0,
0,
0,
0,
0,
0,
0,
0,
0,
0,
20,
20,
20,
20,
20,
0,
0,
0,
0,
0,
0,
0,
0,
0,
0,
0,
0,
0,
0,
0,
0,
0,
0,
0,
20,
20,
20,
20,
20,
0,
0,
0,
0,
0,
0,
0,
0,
0,
0,
0,
0,
0,
0,
0,
0,
0,
0,
0,
20,
20,
20,
20,
20,
0,
0,
0,
0,
0,
0,
0,
0,
0,
0,
0,
0,
0,
0,
0,
0,
0,
0,
0,
20,
20,
20,
20,
20,
0,
0,
0,
0,
0,
0,
0,
0,
0,
0,
0,
0,
0,
0,
0,
0,
0,
0,
0,
20,
20,
20,
20,
20,
0,
0,
0,
0,
0,
0,
0,
0,
0,
0,
0,
0,
0,
0,
0,
0,
0,
0,
0,
20,
20,
20,
20,
20,
0,
0,
0,
0,
0,
0,
0,
0,
0,
0,
0,
0,
0,
0,
0,
0,
0,
0,
0,
20,
20,
20,
20,
20,
0,
0,
0,
0,
0,
0,
0,
0,
0,
0,
0,
0,
0,
0,
0,
0,
0,
0,
0,
20,
20,
20,
20,
20,
0,
0,
0,
0,
0,
0,
0,
0,
0,
0,
0,
0,
0,
0,
0,
0,
0,
0,
0,
20,
20,
20,
20,
20,
0,
0,
0,
0,
0,
0,
0,
0,
0,
0,
0,
0,
0,
0,
0,
0,
0,
0,
0,
20,
20,
20,
20,
20,
0,
0,
0,
0,
0,
0,
0,
0,
0,
0,
0,
0,
0,
0,
0,
0,
0,
0,
0,
20,
20,
20,
20,
20,
0,
0,
0,
0,
0,
0,
0,
0,
0,
0,
0,
0,
0,
0,
0,
0,
0,
0,
0,
20,
20,
20,
20,
20,
0,
0,
0,
0,
0,
0,
0,
0,
0,
0,
0,
0,
0,
0,
0,
0,
0,
0,
0,
20,
20,
20,
20,
20,
0,
0,
0,
0,
0,
0,
0,
0,
0,
0,
0,
0,
0,
0,
0,
0,
0,
0,
0,
20,
20,
20,
20,
20,
0,
0,
0,
0,
0,
0,
0,
0,
0,
0,
0,
0,
0,
0,
0,
0,
0,
0,
0,
20,
20,
20,
20,
20,
0,
0,
0,
0,
0,
0,
0,
0,
0,
0,
0,
0,
0,
0,
0,
0,
0,
0,
0,
20,
20,
20,
20,
20,
0,
0,
0,
0,
0,
0,
0,
0,
0,
0,
0,
0,
0,
0,
0,
0,
0,
0,
0,
20,
20,
20,
20,
20,
0,
0,
0,
0,
0,
0,
0,
0,
0,
0,
0,
0,
0,
0,
0,
0,
0,
0,
0,
20,
20,
20,
20,
20,
0,
0,
0,
0,
0,
0,
0,
0,
0,
0,
0,
0,
0,
0,
0,
0,
0,
0,
0,
20,
20,
20,
20,
20,
0,
0,
0,
0,
0,
0,
0,
0,
0,
0,
0,
0,
0,
0,
0,
0,
0,
0,
0,
20,
20,
20,
20,
20,
0,
0,
0,
0,
0,
0,
0,
0,
0,
0,
0,
0,
0,
0,
0,
0,
0,
0,
0,
20,
20,
20,
20,
20,
0,
0,
0,
0,
0,
0,
0,
0,
0,
0,
0,
0,
0,
0,
0,
0,
0,
0,
0,
20,
20,
20,
20,
20,
0,
0,
0,
0,
0,
0,
0,
0,
0,
0,
0,
0,
0,
0,
0,
0,
0,
0,
0,
20,
20,
20,
20,
20,
0,
0,
0,
0,
0,
0,
0,
0,
0,
0,
0,
0,
0,
0,
0,
0,
0,
0,
0,
20,
20,
20,
20,
20,
0,
0,
0,
0,
0,
0,
0,
0,
0,
0,
0,
0,
0,
0,
0,
0,
0,
0,
0,
20,
20,
20,
20,
20,
0,
0,
0,
0,
0,
0,
0,
0,
0,
0,
0,
0,
0,
0,
0,
0,
0,
0,
0,
20,
20,
20,
20,
20,
0,
0,
0,
0,
0,
0,
0,
0,
0,
0,
0,
0,
0,
0,
0,
0,
0,
0,
0,
20,
20,
20,
20,
20,
0,
0,
0,
0,
0,
0,
0,
0,
0,
0,
0,
0,
0,
0,
0,
0,
0,
0,
0,
20,
20,
20,
20,
20,
0,
0,
0,
0,
0,
0,
0,
0,
0,
0,
0,
0,
0,
0,
0,
0,
0,
0,
0,
20,
20,
20,
20,
20,
0,
0,
0,
0,
0,
0,
0,
0,
0,
0,
0,
0,
0,
0,
0,
0,
0,
0,
0,
20,
20,
20,
20,
20,
0,
0,
0,
0,
0,
0,
0,
0,
0,
0,
0,
0,
0,
0,
0,
0,
0,
0,
0,
20,
20,
20,
20,
20,
0,
0,
0,
0,
0,
0,
0,
0,
0,
0,
0,
0,
0,
0,
0,
0,
0,
0,
0,
20,
20,
20,
20,
20,
0,
0,
0,
0,
0,
0,
0,
0,
0,
0,
0,
0,
0,
0,
0,
0,
0,
0,
0,
20,
20,
20,
20,
20,
0,
0,
0,
0,
0,
0,
0,
0,
0,
0,
0,
0,
0,
0,
0,
0,
0,
0,
0,
20,
20,
20,
20,
20,
0,
0,
0,
0,
0,
0,
0,
0,
0,
0,
0,
0,
0,
0,
0,
0,
0,
0,
0,
20,
20,
20,
20,
20,
0,
0,
0,
0,
0,
0,
0,
0,
0,
0,
0,
0,
0,
0,
0,
0,
0,
0,
0,
20,
20,
20,
20,
20,
0,
0,
0,
0,
0,
0,
0,
0,
0,
0,
0,
0,
0,
0,
0,
0,
0,
0,
0,
20,
20,
20,
20,
20,
0,
0,
0,
0,
0,
0,
0,
0,
0,
0,
0,
0,
0,
0,
0,
0,
0,
0,
0,
20,
20,
20,
20,
20,
0,
0,
0,
50,
50,
50,
50,
50,
50,
50,
50,
50,
50,
50,
50,
50,
50,
50,
50,
110,
110,
110,
110,
110,
50,
50,
50,
50,
50,
50,
50,
50,
50,
50,
50,
50,
50,
50,
50,
50,
50,
50,
50,
110,
110,
110,
110,
110,
50,
50,
50,
50,
50,
50,
50,
50,
50,
50,
50,
50,
50,
50,
50,
50,
50,
50,
50,
110,
110,
110,
110,
110,
50,
50,
50,
50,
50,
50,
50,
50,
50,
50,
50,
50,
50,
50,
50,
50,
50,
50,
50,
110,
110,
110,
110,
110,
50,
50,
50,
50,
50,
50,
50,
50,
50,
50,
50,
50,
50,
50,
50,
50,
50,
50,
50,
110,
110,
110,
110,
110,
50,
50,
50,
50,
50,
50,
50,
50,
50,
50,
50,
50,
50,
50,
50,
50,
50,
50,
50,
110,
110,
110,
110,
110,
50,
50,
50,
50,
50,
50,
50,
50,
50,
50,
50,
50,
50,
50,
50,
50,
50,
50,
50,
110,
110,
110,
110,
110,
50,
50,
50,
50,
50,
50,
50,
50,
50,
50,
50,
50,
50,
50,
50,
50,
50,
50,
50,
110,
110,
110,
110,
110,
50,
50,
50,
50,
50,
50,
50,
50,
50,
50,
50,
50,
50,
50,
50,
50,
50,
50,
50,
110,
110,
110,
110,
110,
50,
50,
50,
50,
50,
50,
50,
50,
50,
50,
50,
50,
50,
50,
50,
50,
50,
50,
50,
110,
110,
110,
110,
110,
50,
50,
50,
50,
50,
50,
50,
50,
50,
50,
50,
50,
50,
50,
50,
50,
50,
50,
50,
110,
110,
110,
110,
110,
50,
50,
50,
50,
50,
50,
50,
50,
50,
50,
50,
50,
50,
50,
50,
50,
50,
50,
50,
110,
110,
110,
110,
110,
50,
50,
50,
50,
50,
50,
50,
50,
50,
50,
50,
50,
50,
50,
50,
50,
50,
50,
50,
110,
110,
110,
110,
110,
50,
50,
50,
50,
50,
50,
50,
50,
50,
50,
50,
50,
50,
50,
50,
50,
50,
50,
50,
110,
110,
110,
110,
110,
50,
50,
50,
50,
50,
50,
50,
50,
50,
50,
50,
50,
50,
50,
50,
50,
50,
50,
50,
110,
110,
110,
110,
110,
50,
50,
50,
50,
50,
50,
50,
50,
50,
50,
50,
50,
50,
50,
50,
50,
50,
50,
50,
110,
110,
110,
110,
110,
50,
50,
50,
50,
50,
50,
50,
50,
50,
50,
50,
50,
50,
50,
50,
50,
50,
50,
50,
110,
110,
110,
110,
110,
50,
50,
50,
50,
50,
50,
50,
50,
50,
50,
50,
50,
50,
50,
50,
50,
50,
50,
50,
110,
110,
110,
110,
110,
50,
50,
50,
50,
50,
50,
50,
50,
50,
50,
50,
50,
50,
50,
50,
50,
50,
50,
50,
110,
110,
110,
110,
110,
50,
50,
50,
50,
50,
50,
50,
50,
50,
50,
50,
50,
50,
50,
50,
50,
50,
50,
50,
110,
110,
110,
110,
110,
50,
50,
50,
50,
50,
50,
50,
50,
50,
50,
50,
50,
50,
50,
50,
50,
50,
50,
50,
110,
110,
110,
110,
110,
50,
50,
50,
50,
50,
50,
50,
50,
50,
50,
50,
50,
50,
50,
50,
50,
50,
50,
50,
110,
110,
110,
110,
110,
50,
50,
50,
50,
50,
50,
50,
50,
50,
50,
50,
50,
50,
50,
50,
50,
50,
50,
50,
110,
110,
110,
110,
110,
50,
50,
50,
50,
50,
50,
50,
50,
50,
50,
50,
50,
50,
50,
50,
50,
50,
50,
50,
110,
110,
110,
110,
110,
50,
50,
50,
50,
50,
50,
50,
50,
50,
50,
50,
50,
50,
50,
50,
50,
50,
50,
50,
110,
110,
110,
110,
110,
50,
50,
50,
50,
50,
50,
50,
50,
50,
50,
50,
50,
50,
50,
50,
50,
50,
50,
50,
110,
110,
110,
110,
110,
50,
50,
50,
50,
50,
50,
50,
50,
50,
50,
50,
50,
50,
50,
50,
50,
50,
50,
50,
110,
110,
110,
110,
110,
50,
50,
50,
50,
50,
50,
50,
50,
50,
50,
50,
50,
50,
50,
50,
50,
50,
50,
50,
110,
110,
110,
110,
110,
50,
50,
50,
50,
50,
50,
50,
50,
50,
50,
50,
50,
50,
50,
50,
50,
50,
50,
50,
110,
110,
110,
110,
110,
50,
50,
50,
50,
50,
50,
50,
50,
50,
50,
50,
50,
50,
50,
50,
50,
50,
50,
50,
110,
110,
110,
110,
110,
50,
50,
50,
50,
50,
50,
50,
50,
50,
50,
50,
50,
50,
50,
50,
50,
50,
50,
50,
110,
110,
110,
110,
110,
50,
50,
50,
50,
50,
50,
50,
50,
50,
50,
50,
50,
50,
50,
50,
50,
50,
50,
50,
110,
110,
110,
110,
110,
50,
50,
50,
50,
50,
50,
50,
50,
50,
50,
50,
50,
50,
50,
50,
50,
50,
50,
50,
110,
110,
110,
110,
110,
50,
50,
50,
50,
50,
50,
50,
50,
50,
50,
50,
50,
50,
50,
50,
50,
50,
50,
50,
110,
110,
110,
110,
110,
50,
50,
50,
50,
50,
50,
50,
50,
50,
50,
50,
50,
50,
50,
50,
50,
50,
50,
50,
110,
110,
110,
110,
110,
50,
50,
50,
50,
50,
50,
50,
50,
50,
50,
50,
50,
50,
50,
50,
50,
50,
50,
50,
110,
110,
110,
110,
110,
50,
50,
50,
50,
50,
50,
50,
50,
50,
50,
50,
50,
50,
50,
50,
50,
50,
50,
50,
110,
110,
110,
110,
110,
50,
50,
50,
50,
50,
50,
50,
50,
50,
50,
50,
50,
50,
50,
50,
50,
50,
50,
50,
110,
110,
110,
110,
110,
50,
50,
50,
50,
50,
50,
50,
50,
50,
50,
50,
50,
50,
50,
50,
50,
50,
50,
50,
110,
110,
110,
110,
110,
50,
50,
50,
50,
50,
50,
50,
50,
50,
50,
50,
50,
50,
50,
50,
50,
50,
50,
50,
110,
110,
110,
110,
110,
50,
50,
50,
50,
50,
50,
50,
50,
50,
50,
50,
50,
50,
50,
50,
50,
50,
50,
50,
110,
110,
110,
110,
110,
50,
50,
50,
50,
50,
50,
50,
50,
50,
50,
50,
50,
50,
50,
50,
50,
50,
50,
50,
110,
110,
110,
110,
110,
50,
50,
50,
50,
50,
50,
50,
50,
50,
50,
50,
50,
50,
50,
50,
50,
50,
50,
50,
110,
110,
110,
110,
110,
50,
50,
50,
50,
50,
50,
50,
50,
50,
50,
50,
50,
50,
50,
50,
50,
50,
50,
50,
110,
110,
110,
110,
110,
50,
50,
50,
50,
50,
50,
50,
50,
50,
50,
50,
50,
50,
50,
50,
50,
50,
50,
50,
110,
110,
110,
110,
110,
50,
50,
50,
50,
50,
50,
50,
50,
50,
50,
50,
50,
50,
50,
50,
50,
50,
50,
50,
110,
110,
110,
110,
110,
50,
50,
50,
50,
50,
50,
50,
50,
50,
50,
50,
50,
50,
50,
50,
50,
50,
50,
50,
110,
110,
110,
110,
110,
50,
50,
50,
50,
50,
50,
50,
50,
50,
50,
50,
50,
50,
50,
50,
50,
50,
50,
50,
110,
110,
110,
110,
110,
50,
50,
50,
50,
50,
50,
50,
50,
50,
50,
50,
50,
50,
50,
50,
50,
50,
50,
50,
110,
110,
110,
110,
110,
50,
50,
50,
50,
50,
50,
50,
50,
50,
50,
50,
50,
50,
50,
50,
50,
50,
50,
50,
110,
110,
110,
110,
110,
50,
50,
50,
50,
50,
50,
50,
50,
50,
50,
50,
50,
50,
50,
50,
50,
50,
50,
50,
110,
110,
110,
110,
110,
50,
50,
50,
50,
50,
50,
50,
50,
50,
50,
50,
50,
50,
50,
50,
50,
50,
50,
50,
110,
110,
110,
110,
110,
50,
50,
50,
50,
50,
50,
50,
50,
50,
50,
50,
50,
50,
50,
50,
50,
50,
50,
50,
110,
110,
110,
110,
110,
50,
50,
50,
50,
50,
50,
50,
50,
50,
50,
50,
50,
50,
50,
50,
50,
50,
50,
50,
110,
110,
110,
110,
110,
50,
50,
50,
50,
50,
50,
50,
50,
50,
50,
50,
50,
50,
50,
50,
50,
50,
50,
50,
110,
110,
110,
110,
110,
50,
50,
50,
50,
50,
50,
50,
50,
50,
50,
50,
50,
50,
50,
50,
50,
50,
50,
50,
110,
110,
110,
110,
110,
50,
50,
50,
50,
50,
50,
50,
50,
50,
50,
50,
50,
50,
50,
50,
50,
50,
50,
50,
110,
110,
110,
110,
110,
50,
50,
50,
50,
50,
50,
50,
50,
50,
50,
50,
50,
50,
50,
50,
50,
50,
50,
50,
110,
110,
110,
110,
110,
50,
50,
50,
50,
50,
50,
50,
50,
50,
50,
50,
50,
50,
50,
50,
50,
50,
50,
50,
110,
110,
110,
110,
110,
50,
50,
50,
50,
50,
50,
50,
50,
50,
50,
50,
50,
50,
50,
50,
50,
50,
50,
50,
110,
110,
110,
110,
110,
50,
50,
50,
50,
50,
50,
50,
50,
50,
50,
50,
50,
50,
50,
50,
50,
50,
50,
50,
110,
110,
110,
110,
110,
50,
50,
50,
50,
50,
50,
50,
50,
50,
50,
50,
50,
50,
50,
50,
50,
50,
50,
50,
110,
110,
110,
110,
110,
50,
50,
50,
50,
50,
50,
50,
50,
50,
50,
50,
50,
50,
50,
50,
50,
50,
50,
50,
110,
110,
110,
110,
110,
50,
50,
50,
50,
50,
50,
50,
50,
50,
50,
50,
50,
50,
50,
50,
50,
50,
50,
50,
110,
110,
110,
110,
110,
50,
50,
50,
50,
50,
50,
50,
50,
50,
50,
50,
50,
50,
50,
50,
50,
50,
50,
50,
110,
110,
110,
110,
110,
50,
50,
50,
50,
50,
50,
50,
50,
50,
50,
50,
50,
50,
50,
50,
50,
50,
50,
50,
110,
110,
110,
110,
110,
50,
50,
50,
50,
50,
50,
50,
50,
50,
50,
50,
50,
50,
50,
50,
50,
50,
50,
50,
110,
110,
110,
110,
110,
50,
50,
50,
50,
50,
50,
50,
50,
50,
50,
50,
50,
50,
50,
50,
50,
50,
50,
50,
110,
110,
110,
110,
110,
50,
50,
50,
50,
50,
50,
50,
50,
50,
50,
50,
50,
50,
50,
50,
50,
50,
50,
50,
110,
110,
110,
110,
110,
50,
50,
50,
50,
50,
50,
50,
50,
50,
50,
50,
50,
50,
50,
50,
50,
50,
50,
50,
110,
110,
110,
110,
110,
50,
50,
50,
50,
50,
50,
50,
50,
50,
50,
50,
50,
50,
50,
50,
50,
50,
50,
50,
110,
110,
110,
110,
110,
50,
50,
50,
50,
50,
50,
50,
50,
50,
50,
50,
50,
50,
50,
50,
50,
50,
50,
50,
110,
110,
110,
110,
110,
50,
50,
50,
50,
50,
50,
50,
50,
50,
50,
50,
50,
50,
50,
50,
50,
50,
50,
50,
110,
110,
110,
110,
110,
50,
50,
50,
50,
50,
50,
50,
50,
50,
50,
50,
50,
50,
50,
50,
50,
50,
50,
50,
110,
110,
110,
110,
110,
50,
50,
50,
50,
50,
50,
50,
50,
50,
50,
50,
50,
50,
50,
50,
50,
50,
50,
50,
110,
110,
110,
110,
110,
50,
50,
50,
50,
50,
50,
50,
50,
50,
50,
50,
50,
50,
50,
50,
50,
50,
50,
50,
110,
110,
110,
110,
110,
50,
50,
50,
50,
50,
50,
50,
50,
50,
50,
50,
50,
50,
50,
50,
50,
50,
50,
50,
110,
110,
110,
110,
110,
50,
50,
50,
50,
50,
50,
50,
50,
50,
50,
50,
50,
50,
50,
50,
50,
50,
50,
50,
110,
110,
110,
110,
110,
50,
50,
50,
50,
50,
50,
50,
50,
50,
50,
50,
50,
50,
50,
50,
50,
50,
50,
50,
110,
110,
110,
110,
110,
50,
50,
50,
50,
50,
50,
50,
50,
50,
50,
50,
50,
50,
50,
50,
50,
50,
50,
50,
110,
110,
110,
110,
110,
50,
50,
50,
50,
50,
50,
50,
50,
50,
50,
50,
50,
50,
50,
50,
50,
50,
50,
50,
110,
110,
110,
110,
110,
50,
50,
50,
50,
50,
50,
50,
50,
50,
50,
50,
50,
50,
50,
50,
50,
50,
50,
50,
110,
110,
110,
110,
110,
50,
50,
50,
50,
50,
50,
50,
50,
50,
50,
50,
50,
50,
50,
50,
50,
50,
50,
50,
110,
110,
110,
110,
110,
50,
50,
50,
50,
50,
50,
50,
50,
50,
50,
50,
50,
50,
50,
50,
50,
50,
50,
50,
110,
110,
110,
110,
110,
50,
50,
50,
50,
50,
50,
50,
50,
50,
50,
50,
50,
50,
50,
50,
50,
50,
50,
50,
110,
110,
110,
110,
110,
50,
50,
50,
50,
50,
50,
50,
50,
50,
50,
50,
50,
50,
50,
50,
50,
50,
50,
50,
110,
110,
110,
110,
110,
50,
50,
50,
50,
50,
50,
50,
50,
50,
50,
50,
50,
50,
50,
50,
50,
50,
50,
50,
110,
110,
110,
110,
110,
50,
50,
50,
50,
50,
50,
50,
50,
50,
50,
50,
50,
50,
50,
50,
50,
50,
50,
50,
110,
110,
110,
110,
110,
50,
50,
50,
50,
50,
50,
50,
50,
50,
50,
50,
50,
50,
50,
50,
50,
50,
50,
50,
110,
110,
110,
110,
110,
50,
50,
50,
50,
50,
50,
50,
50,
50,
50,
50,
50,
50,
50,
50,
50,
50,
50,
50,
110,
110,
110,
110,
110,
50,
50,
50,
50,
50,
50,
50,
50,
50,
50,
50,
50,
50,
50,
50,
50,
50,
50,
50,
110,
110,
110,
110,
110,
50,
50,
50,
50,
50,
50,
50,
50,
50,
50,
50,
50,
50,
50,
50,
50,
50,
50,
50,
110,
110,
110,
110,
110,
50,
50,
50,
50,
50,
50,
50,
50,
50,
50,
50,
50,
50,
50,
50,
50,
50,
50,
50,
110,
110,
110,
110,
110,
50,
50,
50,
50,
50,
50,
50,
50,
50,
50,
50,
50,
50,
50,
50,
50,
50,
50,
50,
110,
110,
110,
110,
110,
50,
50,
50,
50,
50,
50,
50,
50,
50,
50,
50,
50,
50,
50,
50,
50,
50,
50,
50,
110,
110,
110,
110,
110,
50,
50,
50,
50,
50,
50,
50,
50,
50,
50,
50,
50,
50,
50,
50,
50,
50,
50,
50,
110,
110,
110,
110,
110,
50,
50,
50,
50,
50,
50,
50,
50,
50,
50,
50,
50,
50,
50,
50,
50,
50,
50,
50,
110,
110,
110,
110,
110,
50,
50,
50,
50,
50,
50,
50,
50,
50,
50,
50,
50,
50,
50,
50,
50,
50,
50,
50,
110,
110,
110,
110,
110,
50,
50,
50,
50,
50,
50,
50,
50,
50,
50,
50,
50,
50,
50,
50,
50,
50,
50,
50,
110,
110,
110,
110,
110,
50,
50,
50,
50,
50,
50,
50,
50,
50,
50,
50,
50,
50,
50,
50,
50,
50,
50,
50,
110,
110,
110,
110,
110,
50,
50,
50,
50,
50,
50,
50,
50,
50,
50,
50,
50,
50,
50,
50,
50,
50,
50,
50,
110,
110,
110,
110,
110,
50,
50,
50,
50,
50,
50,
50,
50,
50,
50,
50,
50,
50,
50,
50,
50,
50,
50,
50,
110,
110,
110,
110,
110,
50,
50,
50,
50,
50,
50,
50,
50,
50,
50,
50,
50,
50,
50,
50,
50,
50,
50,
50,
110,
110,
110,
110,
110,
50,
50,
50,
50,
50,
50,
50,
50,
50,
50,
50,
50,
50,
50,
50,
50,
50,
50,
50,
110,
110,
110,
110,
110,
50,
50,
50,
50,
50,
50,
50,
50,
50,
50,
50,
50,
50,
50,
50,
50,
50,
50,
50,
110,
110,
110,
110,
110,
50,
50,
50,
50,
50,
50,
50,
50,
50,
50,
50,
50,
50,
50,
50,
50,
50,
50,
50,
110,
110,
110,
110,
110,
50,
50,
50,
50,
50,
50,
50,
50,
50,
50,
50,
50,
50,
50,
50,
50,
50,
50,
50,
110,
110,
110,
110,
110,
50,
50,
50,
50,
50,
50,
50,
50,
50,
50,
50,
50,
50,
50,
50,
50,
50,
50,
50,
110,
110,
110,
110,
110,
50,
50,
50,
50,
50,
50,
50,
50,
50,
50,
50,
50,
50,
50,
50,
50,
50,
50,
50,
110,
110,
110,
110,
110,
50,
50,
50,
50,
50,
50,
50,
50,
50,
50,
50,
50,
50,
50,
50,
50,
50,
50,
50,
110,
110,
110,
110,
110,
50,
50,
50,
50,
50,
50,
50,
50,
50,
50,
50,
50,
50,
50,
50,
50,
50,
50,
50,
110,
110,
110,
110,
110,
50,
50,
50,
50,
50,
50,
50,
50,
50,
50,
50,
50,
50,
50,
50,
50,
50,
50,
50,
110,
110,
110,
110,
110,
50,
50,
50,
50,
50,
50,
50,
50,
50,
50,
50,
50,
50,
50,
50,
50,
50,
50,
50,
110,
110,
110,
110,
110,
50,
50,
50,
50,
50,
50,
50,
50,
50,
50,
50,
50,
50,
50,
50,
50,
50,
50,
50,
110,
110,
110,
110,
110,
50,
50,
50,
50,
50,
50,
50,
50,
50,
50,
50,
50,
50,
50,
50,
50,
50,
50,
50,
110,
110,
110,
110,
110,
50,
50,
50,
50,
50,
50,
50,
50,
50,
50,
50,
50,
50,
50,
50,
50,
50,
50,
50,
110,
110,
110,
110,
110,
50,
50,
50,
50,
50,
50,
50,
50,
50,
50,
50,
50,
50,
50,
50,
50,
50,
50,
50,
110,
110,
110,
110,
110,
50,
50,
50,
50,
50,
50,
50,
50,
50,
50,
50,
50,
50,
50,
50,
50,
50,
50,
50,
110,
110,
110,
110,
110,
50,
50,
50,
50,
50,
50,
50,
50,
50,
50,
50,
50,
50,
50,
50,
50,
50,
50,
50,
110,
110,
110,
110,
110,
50,
50,
50,
50,
50,
50,
50,
50,
50,
50,
50,
50,
50,
50,
50,
50,
50,
50,
50,
110,
110,
110,
110,
110,
50,
50,
50,
50,
50,
50,
50,
50,
50,
50,
50,
50,
50,
50,
50,
50,
50,
50,
50,
110,
110,
110,
110,
110,
50,
50,
50,
50,
50,
50,
50,
50,
50,
50,
50,
50,
50,
50,
50,
50,
50,
50,
50,
110,
110,
110,
110,
110,
50,
50,
50,
0,
0,
0,
0,
0,
0,
0,
0,
0,
0,
0,
0,
0,
0,
0,
0,
20,
20,
20,
20,
20,
0,
0,
0,
0,
0,
0,
0,
0,
0,
0,
0,
0,
0,
0,
0,
0,
0,
0,
0,
20,
20,
20,
20,
20,
0,
0,
0,
0,
0,
0,
0,
0,
0,
0,
0,
0,
0,
0,
0,
0,
0,
0,
0,
20,
20,
20,
20,
20,
0,
0,
0,
0,
0,
0,
0,
0,
0,
0,
0,
0,
0,
0,
0,
0,
0,
0,
0,
20,
20,
20,
20,
20,
0,
0,
0,
0,
0,
0,
0,
0,
0,
0,
0,
0,
0,
0,
0,
0,
0,
0,
0,
20,
20,
20,
20,
20,
0,
0,
0,
0,
0,
0,
0,
0,
0,
0,
0,
0,
0,
0,
0,
0,
0,
0,
0,
20,
20,
20,
20,
20,
0,
0,
0,
0,
0,
0,
0,
0,
0,
0,
0,
0,
0,
0,
0,
0,
0,
0,
0,
20,
20,
20,
20,
20,
0,
0,
0,
0,
0,
0,
0,
0,
0,
0,
0,
0,
0,
0,
0,
0,
0,
0,
0,
20,
20,
20,
20,
20,
0,
0,
0,
0,
0,
0,
0,
0,
0,
0,
0,
0,
0,
0,
0,
0,
0,
0,
0,
20,
20,
20,
20,
20,
0,
0,
0,
0,
0,
0,
0,
0,
0,
0,
0,
0,
0,
0,
0,
0,
0,
0,
0,
20,
20,
20,
20,
20,
0,
0,
0,
0,
0,
0,
0,
0,
0,
0,
0,
0,
0,
0,
0,
0,
0,
0,
0,
20,
20,
20,
20,
20,
0,
0,
0,
0,
0,
0,
0,
0,
0,
0,
0,
0,
0,
0,
0,
0,
0,
0,
0,
20,
20,
20,
20,
20,
0,
0,
0,
0,
0,
0,
0,
0,
0,
0,
0,
0,
0,
0,
0,
0,
0,
0,
0,
20,
20,
20,
20,
20,
0,
0,
0,
0,
0,
0,
0,
0,
0,
0,
0,
0,
0,
0,
0,
0,
0,
0,
0,
20,
20,
20,
20,
20,
0,
0,
0,
0,
0,
0,
0,
0,
0,
0,
0,
0,
0,
0,
0,
0,
0,
0,
0,
20,
20,
20,
20,
20,
0,
0,
0,
0,
0,
0,
0,
0,
0,
0,
0,
0,
0,
0,
0,
0,
0,
0,
0,
20,
20,
20,
20,
20,
0,
0,
0,
0,
0,
0,
0,
0,
0,
0,
0,
0,
0,
0,
0,
0,
0,
0,
0,
20,
20,
20,
20,
20,
0,
0,
0,
0,
0,
0,
0,
0,
0,
0,
0,
0,
0,
0,
0,
0,
0,
0,
0,
20,
20,
20,
20,
20,
0,
0,
0,
0,
0,
0,
0,
0,
0,
0,
0,
0,
0,
0,
0,
0,
0,
0,
0,
20,
20,
20,
20,
20,
0,
0,
0,
0,
0,
0,
0,
0,
0,
0,
0,
0,
0,
0,
0,
0,
0,
0,
0,
20,
20,
20,
20,
20,
0,
0,
0,
0,
0,
0,
0,
0,
0,
0,
0,
0,
0,
0,
0,
0,
0,
0,
0,
20,
20,
20,
20,
20,
0,
0,
0,
0,
0,
0,
0,
0,
0,
0,
0,
0,
0,
0,
0,
0,
0,
0,
0,
20,
20,
20,
20,
20,
0,
0,
0,
0,
0,
0,
0,
0,
0,
0,
0,
0,
0,
0,
0,
0,
0,
0,
0,
20,
20,
20,
20,
20,
0,
0,
0,
0,
0,
0,
0,
0,
0,
0,
0,
0,
0,
0,
0,
0,
0,
0,
0,
20,
20,
20,
20,
20,
0,
0,
0,
0,
0,
0,
0,
0,
0,
0,
0,
0,
0,
0,
0,
0,
0,
0,
0,
20,
20,
20,
20,
20,
0,
0,
0,
0,
0,
0,
0,
0,
0,
0,
0,
0,
0,
0,
0,
0,
0,
0,
0,
20,
20,
20,
20,
20,
0,
0,
0,
0,
0,
0,
0,
0,
0,
0,
0,
0,
0,
0,
0,
0,
0,
0,
0,
20,
20,
20,
20,
20,
0,
0,
0,
0,
0,
0,
0,
0,
0,
0,
0,
0,
0,
0,
0,
0,
0,
0,
0,
20,
20,
20,
20,
20,
0,
0,
0,
0,
0,
0,
0,
0,
0,
0,
0,
0,
0,
0,
0,
0,
0,
0,
0,
20,
20,
20,
20,
20,
0,
0,
0,
0,
0,
0,
0,
0,
0,
0,
0,
0,
0,
0,
0,
0,
0,
0,
0,
20,
20,
20,
20,
20,
0,
0,
0,
0,
0,
0,
0,
0,
0,
0,
0,
0,
0,
0,
0,
0,
0,
0,
0,
20,
20,
20,
20,
20,
0,
0,
0,
0,
0,
0,
0,
0,
0,
0,
0,
0,
0,
0,
0,
0,
0,
0,
0,
20,
20,
20,
20,
20,
0,
0,
0,
0,
0,
0,
0,
0,
0,
0,
0,
0,
0,
0,
0,
0,
0,
0,
0,
20,
20,
20,
20,
20,
0,
0,
0,
0,
0,
0,
0,
0,
0,
0,
0,
0,
0,
0,
0,
0,
0,
0,
0,
20,
20,
20,
20,
20,
0,
0,
0,
0,
0,
0,
0,
0,
0,
0,
0,
0,
0,
0,
0,
0,
0,
0,
0,
20,
20,
20,
20,
20,
0,
0,
0,
0,
0,
0,
0,
0,
0,
0,
0,
0,
0,
0,
0,
0,
0,
0,
0,
20,
20,
20,
20,
20,
0,
0,
0,
0,
0,
0,
0,
0,
0,
0,
0,
0,
0,
0,
0,
0,
0,
0,
0,
20,
20,
20,
20,
20,
0,
0,
0,
0,
0,
0,
0,
0,
0,
0,
0,
0,
0,
0,
0,
0,
0,
0,
0,
20,
20,
20,
20,
20,
0,
0,
0,
0,
0,
0,
0,
0,
0,
0,
0,
0,
0,
0,
0,
0,
0,
0,
0,
20,
20,
20,
20,
20,
0,
0,
0,
0,
0,
0,
0,
0,
0,
0,
0,
0,
0,
0,
0,
0,
0,
0,
0,
20,
20,
20,
20,
20,
0,
0,
0,
0,
0,
0,
0,
0,
0,
0,
0,
0,
0,
0,
0,
0,
0,
0,
0,
20,
20,
20,
20,
20,
0,
0,
0,
0,
0,
0,
0,
0,
0,
0,
0,
0,
0,
0,
0,
0,
0,
0,
0,
20,
20,
20,
20,
20,
0,
0,
0,
0,
0,
0,
0,
0,
0,
0,
0,
0,
0,
0,
0,
0,
0,
0,
0,
20,
20,
20,
20,
20,
0,
0,
0,
0,
0,
0,
0,
0,
0,
0,
0,
0,
0,
0,
0,
0,
0,
0,
0,
20,
20,
20,
20,
20,
0,
0,
0,
0,
0,
0,
0,
0,
0,
0,
0,
0,
0,
0,
0,
0,
0,
0,
0,
20,
20,
20,
20,
20,
0,
0,
0,
0,
0,
0,
0,
0,
0,
0,
0,
0,
0,
0,
0,
0,
0,
0,
0,
20,
20,
20,
20,
20,
0,
0,
0,
0,
0,
0,
0,
0,
0,
0,
0,
0,
0,
0,
0,
0,
0,
0,
0,
20,
20,
20,
20,
20,
0,
0,
0,
0,
0,
0,
0,
0,
0,
0,
0,
0,
0,
0,
0,
0,
0,
0,
0,
20,
20,
20,
20,
20,
0,
0,
0,
0,
0,
0,
0,
0,
0,
0,
0,
0,
0,
0,
0,
0,
0,
0,
0,
20,
20,
20,
20,
20,
0,
0,
0,
0,
0,
0,
0,
0,
0,
0,
0,
0,
0,
0,
0,
0,
0,
0,
0,
20,
20,
20,
20,
20,
0,
0,
0,
0,
0,
0,
0,
0,
0,
0,
0,
0,
0,
0,
0,
0,
0,
0,
0,
20,
20,
20,
20,
20,
0,
0,
0,
0,
0,
0,
0,
0,
0,
0,
0,
0,
0,
0,
0,
0,
0,
0,
0,
20,
20,
20,
20,
20,
0,
0,
0,
0,
0,
0,
0,
0,
0,
0,
0,
0,
0,
0,
0,
0,
0,
0,
0,
20,
20,
20,
20,
20,
0,
0,
0,
0,
0,
0,
0,
0,
0,
0,
0,
0,
0,
0,
0,
0,
0,
0,
0,
20,
20,
20,
20,
20,
0,
0,
0,
0,
0,
0,
0,
0,
0,
0,
0,
0,
0,
0,
0,
0,
0,
0,
0,
20,
20,
20,
20,
20,
0,
0,
0,
0,
0,
0,
0,
0,
0,
0,
0,
0,
0,
0,
0,
0,
0,
0,
0,
20,
20,
20,
20,
20,
0,
0,
0,
0,
0,
0,
0,
0,
0,
0,
0,
0,
0,
0,
0,
0,
0,
0,
0,
20,
20,
20,
20,
20,
0,
0,
0,
0,
0,
0,
0,
0,
0,
0,
0,
0,
0,
0,
0,
0,
0,
0,
0,
20,
20,
20,
20,
20,
0,
0,
0,
0,
0,
0,
0,
0,
0,
0,
0,
0,
0,
0,
0,
0,
0,
0,
0,
20,
20,
20,
20,
20,
0,
0,
0,
0,
0,
0,
0,
0,
0,
0,
0,
0,
0,
0,
0,
0,
0,
0,
0,
20,
20,
20,
20,
20,
0,
0,
0,
0,
0,
0,
0,
0,
0,
0,
0,
0,
0,
0,
0,
0,
0,
0,
0,
20,
20,
20,
20,
20,
0,
0,
0,
0,
0,
0,
0,
0,
0,
0,
0,
0,
0,
0,
0,
0,
0,
0,
0,
20,
20,
20,
20,
20,
0,
0,
0,
0,
0,
0,
0,
0,
0,
0,
0,
0,
0,
0,
0,
0,
0,
0,
0,
20,
20,
20,
20,
20,
0,
0,
0,
0,
0,
0,
0,
0,
0,
0,
0,
0,
0,
0,
0,
0,
0,
0,
0,
20,
20,
20,
20,
20,
0,
0,
0,
0,
0,
0,
0,
0,
0,
0,
0,
0,
0,
0,
0,
0,
0,
0,
0,
20,
20,
20,
20,
20,
0,
0,
0,
0,
0,
0,
0,
0,
0,
0,
0,
0,
0,
0,
0,
0,
0,
0,
0,
20,
20,
20,
20,
20,
0,
0,
0,
0,
0,
0,
0,
0,
0,
0,
0,
0,
0,
0,
0,
0,
0,
0,
0,
20,
20,
20,
20,
20,
0,
0,
0,
0,
0,
0,
0,
0,
0,
0,
0,
0,
0,
0,
0,
0,
0,
0,
0,
20,
20,
20,
20,
20,
0,
0,
0,
0,
0,
0,
0,
0,
0,
0,
0,
0,
0,
0,
0,
0,
0,
0,
0,
20,
20,
20,
20,
20,
0,
0,
0,
0,
0,
0,
0,
0,
0,
0,
0,
0,
0,
0,
0,
0,
0,
0,
0,
20,
20,
20,
20,
20,
0,
0,
0,
0,
0,
0,
0,
0,
0,
0,
0,
0,
0,
0,
0,
0,
0,
0,
0,
20,
20,
20,
20,
20,
0,
0,
0,
0,
0,
0,
0,
0,
0,
0,
0,
0,
0,
0,
0,
0,
0,
0,
0,
20,
20,
20,
20,
20,
0,
0,
0,
0,
0,
0,
0,
0,
0,
0,
0,
0,
0,
0,
0,
0,
0,
0,
0,
20,
20,
20,
20,
20,
0,
0,
0,
0,
0,
0,
0,
0,
0,
0,
0,
0,
0,
0,
0,
0,
0,
0,
0,
20,
20,
20,
20,
20,
0,
0,
0,
0,
0,
0,
0,
0,
0,
0,
0,
0,
0,
0,
0,
0,
0,
0,
0,
20,
20,
20,
20,
20,
0,
0,
0,
0,
0,
0,
0,
0,
0,
0,
0,
0,
0,
0,
0,
0,
0,
0,
0,
20,
20,
20,
20,
20,
0,
0,
0,
0,
0,
0,
0,
0,
0,
0,
0,
0,
0,
0,
0,
0,
0,
0,
0,
20,
20,
20,
20,
20,
0,
0,
0,
0,
0,
0,
0,
0,
0,
0,
0,
0,
0,
0,
0,
0,
0,
0,
0,
20,
20,
20,
20,
20,
0,
0,
0,
0,
0,
0,
0,
0,
0,
0,
0,
0,
0,
0,
0,
0,
0,
0,
0,
20,
20,
20,
20,
20,
0,
0,
0,
0,
0,
0,
0,
0,
0,
0,
0,
0,
0,
0,
0,
0,
0,
0,
0,
20,
20,
20,
20,
20,
0,
0,
0,
0,
0,
0,
0,
0,
0,
0,
0,
0,
0,
0,
0,
0,
0,
0,
0,
20,
20,
20,
20,
20,
0,
0,
0,
0,
0,
0,
0,
0,
0,
0,
0,
0,
0,
0,
0,
0,
0,
0,
0,
20,
20,
20,
20,
20,
0,
0,
0,
0,
0,
0,
0,
0,
0,
0,
0,
0,
0,
0,
0,
0,
0,
0,
0,
20,
20,
20,
20,
20,
0,
0,
0,
0,
0,
0,
0,
0,
0,
0,
0,
0,
0,
0,
0,
0,
0,
0,
0,
20,
20,
20,
20,
20,
0,
0,
0,
0,
0,
0,
0,
0,
0,
0,
0,
0,
0,
0,
0,
0,
0,
0,
0,
20,
20,
20,
20,
20,
0,
0,
0,
0,
0,
0,
0,
0,
0,
0,
0,
0,
0,
0,
0,
0,
0,
0,
0,
20,
20,
20,
20,
20,
0,
0,
0,
0,
0,
0,
0,
0,
0,
0,
0,
0,
0,
0,
0,
0,
0,
0,
0,
20,
20,
20,
20,
20,
0,
0,
0,
0,
0,
0,
0,
0,
0,
0,
0,
0,
0,
0,
0,
0,
0,
0,
0,
20,
20,
20,
20,
20,
0,
0,
0,
0,
0,
0,
0,
0,
0,
0,
0,
0,
0,
0,
0,
0,
0,
0,
0,
20,
20,
20,
20,
20,
0,
0,
0,
0,
0,
0,
0,
0,
0,
0,
0,
0,
0,
0,
0,
0,
0,
0,
0,
20,
20,
20,
20,
20,
0,
0,
0,
0,
0,
0,
0,
0,
0,
0,
0,
0,
0,
0,
0,
0,
0,
0,
0,
20,
20,
20,
20,
20,
0,
0,
0,
0,
0,
0,
0,
0,
0,
0,
0,
0,
0,
0,
0,
0,
0,
0,
0,
20,
20,
20,
20,
20,
0,
0,
0,
